-- MySQL dump 10.13  Distrib 8.0.38, for macos14 (x86_64)
--
-- Host: localhost    Database: test
-- ------------------------------------------------------
-- Server version	8.0.36

/*!40101 SET @OLD_CHARACTER_SET_CLIENT=@@CHARACTER_SET_CLIENT */;
/*!40101 SET @OLD_CHARACTER_SET_RESULTS=@@CHARACTER_SET_RESULTS */;
/*!40101 SET @OLD_COLLATION_CONNECTION=@@COLLATION_CONNECTION */;
/*!50503 SET NAMES utf8 */;
/*!40103 SET @OLD_TIME_ZONE=@@TIME_ZONE */;
/*!40103 SET TIME_ZONE='+00:00' */;
/*!40014 SET @OLD_UNIQUE_CHECKS=@@UNIQUE_CHECKS, UNIQUE_CHECKS=0 */;
/*!40014 SET @OLD_FOREIGN_KEY_CHECKS=@@FOREIGN_KEY_CHECKS, FOREIGN_KEY_CHECKS=0 */;
/*!40101 SET @OLD_SQL_MODE=@@SQL_MODE, SQL_MODE='NO_AUTO_VALUE_ON_ZERO' */;
/*!40111 SET @OLD_SQL_NOTES=@@SQL_NOTES, SQL_NOTES=0 */;

--
-- Table structure for table `chuyen_bay`
--

DROP TABLE IF EXISTS `chuyen_bay`;
/*!40101 SET @saved_cs_client     = @@character_set_client */;
/*!50503 SET character_set_client = utf8mb4 */;
CREATE TABLE `chuyen_bay` (
  `ngay_gio_khoi_hanh` datetime DEFAULT NULL,
  `thoi_gian_bay` int NOT NULL,
  `tuyen_bay_id` int NOT NULL,
  `nhan_vien_quan_tri_id` int DEFAULT NULL,
  `may_bay_id` int NOT NULL,
  `id` int NOT NULL AUTO_INCREMENT,
  `active` tinyint(1) DEFAULT NULL,
  `created_date` datetime DEFAULT NULL,
  PRIMARY KEY (`id`),
  KEY `tuyen_bay_id` (`tuyen_bay_id`),
  KEY `nhan_vien_quan_tri_id` (`nhan_vien_quan_tri_id`),
  KEY `may_bay_id` (`may_bay_id`),
  CONSTRAINT `chuyen_bay_ibfk_1` FOREIGN KEY (`tuyen_bay_id`) REFERENCES `tuyen_bay` (`id`),
  CONSTRAINT `chuyen_bay_ibfk_2` FOREIGN KEY (`nhan_vien_quan_tri_id`) REFERENCES `user` (`id`),
  CONSTRAINT `chuyen_bay_ibfk_3` FOREIGN KEY (`may_bay_id`) REFERENCES `may_bay` (`id`)
) ENGINE=InnoDB AUTO_INCREMENT=6 DEFAULT CHARSET=utf8mb4 COLLATE=utf8mb4_unicode_ci;
/*!40101 SET character_set_client = @saved_cs_client */;

--
-- Dumping data for table `chuyen_bay`
--

LOCK TABLES `chuyen_bay` WRITE;
/*!40000 ALTER TABLE `chuyen_bay` DISABLE KEYS */;
/*!40000 ALTER TABLE `chuyen_bay` ENABLE KEYS */;
UNLOCK TABLES;

--
-- Table structure for table `ghe`
--

DROP TABLE IF EXISTS `ghe`;
/*!40101 SET @saved_cs_client     = @@character_set_client */;
/*!50503 SET character_set_client = utf8mb4 */;
CREATE TABLE `ghe` (
  `cot` enum('A','B','C','D','E','F') CHARACTER SET utf8mb4 COLLATE utf8mb4_unicode_ci NOT NULL,
  `hang` int NOT NULL,
  `id` int NOT NULL AUTO_INCREMENT,
  `active` tinyint(1) DEFAULT NULL,
  `created_date` datetime DEFAULT NULL,
  PRIMARY KEY (`id`),
  UNIQUE KEY `cot` (`cot`,`hang`)
) ENGINE=InnoDB AUTO_INCREMENT=301 DEFAULT CHARSET=utf8mb4 COLLATE=utf8mb4_unicode_ci;
/*!40101 SET character_set_client = @saved_cs_client */;

--
-- Dumping data for table `ghe`
--

LOCK TABLES `ghe` WRITE;
/*!40000 ALTER TABLE `ghe` DISABLE KEYS */;
INSERT INTO `ghe` VALUES ('A',1,1,1,'2024-05-23 15:10:09'),('B',1,2,1,'2024-05-23 15:10:09'),('C',1,3,1,'2024-05-23 15:10:09'),('D',1,4,1,'2024-05-23 15:10:09'),('E',1,5,1,'2024-05-23 15:10:09'),('F',1,6,1,'2024-05-23 15:10:09'),('A',2,7,1,'2024-05-23 15:10:09'),('B',2,8,1,'2024-05-23 15:10:09'),('C',2,9,1,'2024-05-23 15:10:09'),('D',2,10,1,'2024-05-23 15:10:09'),('E',2,11,1,'2024-05-23 15:10:09'),('F',2,12,1,'2024-05-23 15:10:09'),('A',3,13,1,'2024-05-23 15:10:09'),('B',3,14,1,'2024-05-23 15:10:09'),('C',3,15,1,'2024-05-23 15:10:09'),('D',3,16,1,'2024-05-23 15:10:09'),('E',3,17,1,'2024-05-23 15:10:09'),('F',3,18,1,'2024-05-23 15:10:09'),('A',4,19,1,'2024-05-23 15:10:09'),('B',4,20,1,'2024-05-23 15:10:09'),('C',4,21,1,'2024-05-23 15:10:09'),('D',4,22,1,'2024-05-23 15:10:09'),('E',4,23,1,'2024-05-23 15:10:09'),('F',4,24,1,'2024-05-23 15:10:09'),('A',5,25,1,'2024-05-23 15:10:09'),('B',5,26,1,'2024-05-23 15:10:09'),('C',5,27,1,'2024-05-23 15:10:09'),('D',5,28,1,'2024-05-23 15:10:09'),('E',5,29,1,'2024-05-23 15:10:09'),('F',5,30,1,'2024-05-23 15:10:09'),('A',6,31,1,'2024-05-23 15:10:09'),('B',6,32,1,'2024-05-23 15:10:09'),('C',6,33,1,'2024-05-23 15:10:09'),('D',6,34,1,'2024-05-23 15:10:09'),('E',6,35,1,'2024-05-23 15:10:09'),('F',6,36,1,'2024-05-23 15:10:09'),('A',7,37,1,'2024-05-23 15:10:09'),('B',7,38,1,'2024-05-23 15:10:09'),('C',7,39,1,'2024-05-23 15:10:09'),('D',7,40,1,'2024-05-23 15:10:09'),('E',7,41,1,'2024-05-23 15:10:09'),('F',7,42,1,'2024-05-23 15:10:09'),('A',8,43,1,'2024-05-23 15:10:09'),('B',8,44,1,'2024-05-23 15:10:09'),('C',8,45,1,'2024-05-23 15:10:09'),('D',8,46,1,'2024-05-23 15:10:09'),('E',8,47,1,'2024-05-23 15:10:09'),('F',8,48,1,'2024-05-23 15:10:09'),('A',9,49,1,'2024-05-23 15:10:09'),('B',9,50,1,'2024-05-23 15:10:09'),('C',9,51,1,'2024-05-23 15:10:09'),('D',9,52,1,'2024-05-23 15:10:09'),('E',9,53,1,'2024-05-23 15:10:09'),('F',9,54,1,'2024-05-23 15:10:09'),('A',10,55,1,'2024-05-23 15:10:09'),('B',10,56,1,'2024-05-23 15:10:09'),('C',10,57,1,'2024-05-23 15:10:09'),('D',10,58,1,'2024-05-23 15:10:09'),('E',10,59,1,'2024-05-23 15:10:09'),('F',10,60,1,'2024-05-23 15:10:09'),('A',11,61,1,'2024-05-23 15:10:09'),('B',11,62,1,'2024-05-23 15:10:09'),('C',11,63,1,'2024-05-23 15:10:09'),('D',11,64,1,'2024-05-23 15:10:09'),('E',11,65,1,'2024-05-23 15:10:09'),('F',11,66,1,'2024-05-23 15:10:09'),('A',12,67,1,'2024-05-23 15:10:09'),('B',12,68,1,'2024-05-23 15:10:09'),('C',12,69,1,'2024-05-23 15:10:09'),('D',12,70,1,'2024-05-23 15:10:09'),('E',12,71,1,'2024-05-23 15:10:09'),('F',12,72,1,'2024-05-23 15:10:09'),('A',13,73,1,'2024-05-23 15:10:09'),('B',13,74,1,'2024-05-23 15:10:09'),('C',13,75,1,'2024-05-23 15:10:09'),('D',13,76,1,'2024-05-23 15:10:09'),('E',13,77,1,'2024-05-23 15:10:09'),('F',13,78,1,'2024-05-23 15:10:09'),('A',14,79,1,'2024-05-23 15:10:09'),('B',14,80,1,'2024-05-23 15:10:09'),('C',14,81,1,'2024-05-23 15:10:09'),('D',14,82,1,'2024-05-23 15:10:09'),('E',14,83,1,'2024-05-23 15:10:09'),('F',14,84,1,'2024-05-23 15:10:09'),('A',15,85,1,'2024-05-23 15:10:09'),('B',15,86,1,'2024-05-23 15:10:09'),('C',15,87,1,'2024-05-23 15:10:09'),('D',15,88,1,'2024-05-23 15:10:09'),('E',15,89,1,'2024-05-23 15:10:09'),('F',15,90,1,'2024-05-23 15:10:09'),('A',16,91,1,'2024-05-23 15:10:09'),('B',16,92,1,'2024-05-23 15:10:09'),('C',16,93,1,'2024-05-23 15:10:09'),('D',16,94,1,'2024-05-23 15:10:09'),('E',16,95,1,'2024-05-23 15:10:09'),('F',16,96,1,'2024-05-23 15:10:09'),('A',17,97,1,'2024-05-23 15:10:09'),('B',17,98,1,'2024-05-23 15:10:09'),('C',17,99,1,'2024-05-23 15:10:09'),('D',17,100,1,'2024-05-23 15:10:09'),('E',17,101,1,'2024-05-23 15:10:09'),('F',17,102,1,'2024-05-23 15:10:09'),('A',18,103,1,'2024-05-23 15:10:09'),('B',18,104,1,'2024-05-23 15:10:09'),('C',18,105,1,'2024-05-23 15:10:09'),('D',18,106,1,'2024-05-23 15:10:09'),('E',18,107,1,'2024-05-23 15:10:09'),('F',18,108,1,'2024-05-23 15:10:09'),('A',19,109,1,'2024-05-23 15:10:09'),('B',19,110,1,'2024-05-23 15:10:09'),('C',19,111,1,'2024-05-23 15:10:09'),('D',19,112,1,'2024-05-23 15:10:09'),('E',19,113,1,'2024-05-23 15:10:09'),('F',19,114,1,'2024-05-23 15:10:09'),('A',20,115,1,'2024-05-23 15:10:09'),('B',20,116,1,'2024-05-23 15:10:09'),('C',20,117,1,'2024-05-23 15:10:09'),('D',20,118,1,'2024-05-23 15:10:09'),('E',20,119,1,'2024-05-23 15:10:09'),('F',20,120,1,'2024-05-23 15:10:09'),('A',21,121,1,'2024-05-23 15:10:09'),('B',21,122,1,'2024-05-23 15:10:09'),('C',21,123,1,'2024-05-23 15:10:09'),('D',21,124,1,'2024-05-23 15:10:09'),('E',21,125,1,'2024-05-23 15:10:09'),('F',21,126,1,'2024-05-23 15:10:09'),('A',22,127,1,'2024-05-23 15:10:09'),('B',22,128,1,'2024-05-23 15:10:09'),('C',22,129,1,'2024-05-23 15:10:09'),('D',22,130,1,'2024-05-23 15:10:09'),('E',22,131,1,'2024-05-23 15:10:09'),('F',22,132,1,'2024-05-23 15:10:09'),('A',23,133,1,'2024-05-23 15:10:09'),('B',23,134,1,'2024-05-23 15:10:09'),('C',23,135,1,'2024-05-23 15:10:09'),('D',23,136,1,'2024-05-23 15:10:09'),('E',23,137,1,'2024-05-23 15:10:09'),('F',23,138,1,'2024-05-23 15:10:09'),('A',24,139,1,'2024-05-23 15:10:09'),('B',24,140,1,'2024-05-23 15:10:09'),('C',24,141,1,'2024-05-23 15:10:09'),('D',24,142,1,'2024-05-23 15:10:09'),('E',24,143,1,'2024-05-23 15:10:09'),('F',24,144,1,'2024-05-23 15:10:09'),('A',25,145,1,'2024-05-23 15:10:09'),('B',25,146,1,'2024-05-23 15:10:09'),('C',25,147,1,'2024-05-23 15:10:09'),('D',25,148,1,'2024-05-23 15:10:09'),('E',25,149,1,'2024-05-23 15:10:09'),('F',25,150,1,'2024-05-23 15:10:09'),('A',26,151,1,'2024-05-23 15:10:09'),('B',26,152,1,'2024-05-23 15:10:09'),('C',26,153,1,'2024-05-23 15:10:09'),('D',26,154,1,'2024-05-23 15:10:09'),('E',26,155,1,'2024-05-23 15:10:09'),('F',26,156,1,'2024-05-23 15:10:09'),('A',27,157,1,'2024-05-23 15:10:09'),('B',27,158,1,'2024-05-23 15:10:09'),('C',27,159,1,'2024-05-23 15:10:09'),('D',27,160,1,'2024-05-23 15:10:09'),('E',27,161,1,'2024-05-23 15:10:09'),('F',27,162,1,'2024-05-23 15:10:09'),('A',28,163,1,'2024-05-23 15:10:09'),('B',28,164,1,'2024-05-23 15:10:09'),('C',28,165,1,'2024-05-23 15:10:09'),('D',28,166,1,'2024-05-23 15:10:09'),('E',28,167,1,'2024-05-23 15:10:09'),('F',28,168,1,'2024-05-23 15:10:09'),('A',29,169,1,'2024-05-23 15:10:09'),('B',29,170,1,'2024-05-23 15:10:09'),('C',29,171,1,'2024-05-23 15:10:09'),('D',29,172,1,'2024-05-23 15:10:09'),('E',29,173,1,'2024-05-23 15:10:09'),('F',29,174,1,'2024-05-23 15:10:09'),('A',30,175,1,'2024-05-23 15:10:09'),('B',30,176,1,'2024-05-23 15:10:09'),('C',30,177,1,'2024-05-23 15:10:09'),('D',30,178,1,'2024-05-23 15:10:09'),('E',30,179,1,'2024-05-23 15:10:09'),('F',30,180,1,'2024-05-23 15:10:09'),('A',31,181,1,'2024-05-23 15:10:09'),('B',31,182,1,'2024-05-23 15:10:09'),('C',31,183,1,'2024-05-23 15:10:09'),('D',31,184,1,'2024-05-23 15:10:09'),('E',31,185,1,'2024-05-23 15:10:09'),('F',31,186,1,'2024-05-23 15:10:09'),('A',32,187,1,'2024-05-23 15:10:09'),('B',32,188,1,'2024-05-23 15:10:09'),('C',32,189,1,'2024-05-23 15:10:09'),('D',32,190,1,'2024-05-23 15:10:09'),('E',32,191,1,'2024-05-23 15:10:09'),('F',32,192,1,'2024-05-23 15:10:09'),('A',33,193,1,'2024-05-23 15:10:09'),('B',33,194,1,'2024-05-23 15:10:09'),('C',33,195,1,'2024-05-23 15:10:09'),('D',33,196,1,'2024-05-23 15:10:09'),('E',33,197,1,'2024-05-23 15:10:09'),('F',33,198,1,'2024-05-23 15:10:09'),('A',34,199,1,'2024-05-23 15:10:09'),('B',34,200,1,'2024-05-23 15:10:09'),('C',34,201,1,'2024-05-23 15:10:09'),('D',34,202,1,'2024-05-23 15:10:09'),('E',34,203,1,'2024-05-23 15:10:09'),('F',34,204,1,'2024-05-23 15:10:09'),('A',35,205,1,'2024-05-23 15:10:09'),('B',35,206,1,'2024-05-23 15:10:09'),('C',35,207,1,'2024-05-23 15:10:09'),('D',35,208,1,'2024-05-23 15:10:09'),('E',35,209,1,'2024-05-23 15:10:09'),('F',35,210,1,'2024-05-23 15:10:09'),('A',36,211,1,'2024-05-23 15:10:09'),('B',36,212,1,'2024-05-23 15:10:09'),('C',36,213,1,'2024-05-23 15:10:09'),('D',36,214,1,'2024-05-23 15:10:09'),('E',36,215,1,'2024-05-23 15:10:09'),('F',36,216,1,'2024-05-23 15:10:09'),('A',37,217,1,'2024-05-23 15:10:09'),('B',37,218,1,'2024-05-23 15:10:09'),('C',37,219,1,'2024-05-23 15:10:09'),('D',37,220,1,'2024-05-23 15:10:09'),('E',37,221,1,'2024-05-23 15:10:09'),('F',37,222,1,'2024-05-23 15:10:09'),('A',38,223,1,'2024-05-23 15:10:09'),('B',38,224,1,'2024-05-23 15:10:09'),('C',38,225,1,'2024-05-23 15:10:09'),('D',38,226,1,'2024-05-23 15:10:09'),('E',38,227,1,'2024-05-23 15:10:09'),('F',38,228,1,'2024-05-23 15:10:09'),('A',39,229,1,'2024-05-23 15:10:09'),('B',39,230,1,'2024-05-23 15:10:09'),('C',39,231,1,'2024-05-23 15:10:09'),('D',39,232,1,'2024-05-23 15:10:09'),('E',39,233,1,'2024-05-23 15:10:09'),('F',39,234,1,'2024-05-23 15:10:09'),('A',40,235,1,'2024-05-23 15:10:09'),('B',40,236,1,'2024-05-23 15:10:09'),('C',40,237,1,'2024-05-23 15:10:09'),('D',40,238,1,'2024-05-23 15:10:09'),('E',40,239,1,'2024-05-23 15:10:09'),('F',40,240,1,'2024-05-23 15:10:09'),('A',41,241,1,'2024-05-23 15:10:09'),('B',41,242,1,'2024-05-23 15:10:09'),('C',41,243,1,'2024-05-23 15:10:09'),('D',41,244,1,'2024-05-23 15:10:09'),('E',41,245,1,'2024-05-23 15:10:09'),('F',41,246,1,'2024-05-23 15:10:09'),('A',42,247,1,'2024-05-23 15:10:09'),('B',42,248,1,'2024-05-23 15:10:09'),('C',42,249,1,'2024-05-23 15:10:09'),('D',42,250,1,'2024-05-23 15:10:09'),('E',42,251,1,'2024-05-23 15:10:09'),('F',42,252,1,'2024-05-23 15:10:09'),('A',43,253,1,'2024-05-23 15:10:09'),('B',43,254,1,'2024-05-23 15:10:09'),('C',43,255,1,'2024-05-23 15:10:09'),('D',43,256,1,'2024-05-23 15:10:09'),('E',43,257,1,'2024-05-23 15:10:09'),('F',43,258,1,'2024-05-23 15:10:09'),('A',44,259,1,'2024-05-23 15:10:09'),('B',44,260,1,'2024-05-23 15:10:09'),('C',44,261,1,'2024-05-23 15:10:09'),('D',44,262,1,'2024-05-23 15:10:09'),('E',44,263,1,'2024-05-23 15:10:09'),('F',44,264,1,'2024-05-23 15:10:09'),('A',45,265,1,'2024-05-23 15:10:09'),('B',45,266,1,'2024-05-23 15:10:09'),('C',45,267,1,'2024-05-23 15:10:09'),('D',45,268,1,'2024-05-23 15:10:09'),('E',45,269,1,'2024-05-23 15:10:09'),('F',45,270,1,'2024-05-23 15:10:09'),('A',46,271,1,'2024-05-23 15:10:09'),('B',46,272,1,'2024-05-23 15:10:09'),('C',46,273,1,'2024-05-23 15:10:09'),('D',46,274,1,'2024-05-23 15:10:09'),('E',46,275,1,'2024-05-23 15:10:09'),('F',46,276,1,'2024-05-23 15:10:09'),('A',47,277,1,'2024-05-23 15:10:09'),('B',47,278,1,'2024-05-23 15:10:09'),('C',47,279,1,'2024-05-23 15:10:09'),('D',47,280,1,'2024-05-23 15:10:09'),('E',47,281,1,'2024-05-23 15:10:09'),('F',47,282,1,'2024-05-23 15:10:09'),('A',48,283,1,'2024-05-23 15:10:09'),('B',48,284,1,'2024-05-23 15:10:09'),('C',48,285,1,'2024-05-23 15:10:09'),('D',48,286,1,'2024-05-23 15:10:09'),('E',48,287,1,'2024-05-23 15:10:09'),('F',48,288,1,'2024-05-23 15:10:09'),('A',49,289,1,'2024-05-23 15:10:09'),('B',49,290,1,'2024-05-23 15:10:09'),('C',49,291,1,'2024-05-23 15:10:09'),('D',49,292,1,'2024-05-23 15:10:09'),('E',49,293,1,'2024-05-23 15:10:09'),('F',49,294,1,'2024-05-23 15:10:09'),('A',50,295,1,'2024-05-23 15:10:09'),('B',50,296,1,'2024-05-23 15:10:09'),('C',50,297,1,'2024-05-23 15:10:09'),('D',50,298,1,'2024-05-23 15:10:09'),('E',50,299,1,'2024-05-23 15:10:09'),('F',50,300,1,'2024-05-23 15:10:09');
/*!40000 ALTER TABLE `ghe` ENABLE KEYS */;
UNLOCK TABLES;

--
-- Table structure for table `ghe_may_bay`
--

DROP TABLE IF EXISTS `ghe_may_bay`;
/*!40101 SET @saved_cs_client     = @@character_set_client */;
/*!50503 SET character_set_client = utf8mb4 */;
CREATE TABLE `ghe_may_bay` (
  `ghe_id` int NOT NULL,
  `may_bay_id` int NOT NULL,
  `hang_ve_id` int NOT NULL,
  `id` int NOT NULL AUTO_INCREMENT,
  `active` tinyint(1) DEFAULT NULL,
  `created_date` datetime DEFAULT NULL,
  PRIMARY KEY (`id`),
  UNIQUE KEY `ghe_id` (`ghe_id`,`may_bay_id`),
  KEY `may_bay_id` (`may_bay_id`),
  KEY `hang_ve_id` (`hang_ve_id`),
  CONSTRAINT `ghe_may_bay_ibfk_1` FOREIGN KEY (`ghe_id`) REFERENCES `ghe` (`id`),
  CONSTRAINT `ghe_may_bay_ibfk_2` FOREIGN KEY (`may_bay_id`) REFERENCES `may_bay` (`id`),
  CONSTRAINT `ghe_may_bay_ibfk_3` FOREIGN KEY (`hang_ve_id`) REFERENCES `hang_ve` (`id`)
) ENGINE=InnoDB AUTO_INCREMENT=901 DEFAULT CHARSET=utf8mb4 COLLATE=utf8mb4_unicode_ci;
/*!40101 SET character_set_client = @saved_cs_client */;

--
-- Dumping data for table `ghe_may_bay`
--

LOCK TABLES `ghe_may_bay` WRITE;
/*!40000 ALTER TABLE `ghe_may_bay` DISABLE KEYS */;
INSERT INTO `ghe_may_bay` VALUES (1,1,2,1,1,'2024-05-23 15:10:09'),(2,1,2,2,1,'2024-05-23 15:10:09'),(3,1,2,3,1,'2024-05-23 15:10:09'),(4,1,2,4,1,'2024-05-23 15:10:09'),(5,1,2,5,1,'2024-05-23 15:10:09'),(6,1,2,6,1,'2024-05-23 15:10:09'),(7,1,2,7,1,'2024-05-23 15:10:09'),(8,1,2,8,1,'2024-05-23 15:10:09'),(9,1,2,9,1,'2024-05-23 15:10:09'),(10,1,2,10,1,'2024-05-23 15:10:09'),(11,1,2,11,1,'2024-05-23 15:10:09'),(12,1,2,12,1,'2024-05-23 15:10:09'),(13,1,2,13,1,'2024-05-23 15:10:09'),(14,1,2,14,1,'2024-05-23 15:10:09'),(15,1,2,15,1,'2024-05-23 15:10:09'),(16,1,2,16,1,'2024-05-23 15:10:09'),(17,1,2,17,1,'2024-05-23 15:10:09'),(18,1,2,18,1,'2024-05-23 15:10:09'),(19,1,1,19,1,'2024-05-23 15:10:09'),(20,1,1,20,1,'2024-05-23 15:10:09'),(21,1,1,21,1,'2024-05-23 15:10:09'),(22,1,1,22,1,'2024-05-23 15:10:09'),(23,1,1,23,1,'2024-05-23 15:10:09'),(24,1,1,24,1,'2024-05-23 15:10:09'),(25,1,1,25,1,'2024-05-23 15:10:09'),(26,1,1,26,1,'2024-05-23 15:10:09'),(27,1,1,27,1,'2024-05-23 15:10:09'),(28,1,1,28,1,'2024-05-23 15:10:09'),(29,1,1,29,1,'2024-05-23 15:10:09'),(30,1,1,30,1,'2024-05-23 15:10:09'),(31,1,1,31,1,'2024-05-23 15:10:09'),(32,1,1,32,1,'2024-05-23 15:10:09'),(33,1,1,33,1,'2024-05-23 15:10:09'),(34,1,1,34,1,'2024-05-23 15:10:09'),(35,1,1,35,1,'2024-05-23 15:10:09'),(36,1,1,36,1,'2024-05-23 15:10:09'),(37,1,1,37,1,'2024-05-23 15:10:09'),(38,1,1,38,1,'2024-05-23 15:10:09'),(39,1,1,39,1,'2024-05-23 15:10:09'),(40,1,1,40,1,'2024-05-23 15:10:09'),(41,1,1,41,1,'2024-05-23 15:10:09'),(42,1,1,42,1,'2024-05-23 15:10:09'),(43,1,1,43,1,'2024-05-23 15:10:09'),(44,1,1,44,1,'2024-05-23 15:10:09'),(45,1,1,45,1,'2024-05-23 15:10:09'),(46,1,1,46,1,'2024-05-23 15:10:09'),(47,1,1,47,1,'2024-05-23 15:10:09'),(48,1,1,48,1,'2024-05-23 15:10:09'),(49,1,1,49,1,'2024-05-23 15:10:09'),(50,1,1,50,1,'2024-05-23 15:10:09'),(51,1,1,51,1,'2024-05-23 15:10:09'),(52,1,1,52,1,'2024-05-23 15:10:09'),(53,1,1,53,1,'2024-05-23 15:10:09'),(54,1,1,54,1,'2024-05-23 15:10:09'),(55,1,1,55,1,'2024-05-23 15:10:09'),(56,1,1,56,1,'2024-05-23 15:10:09'),(57,1,1,57,1,'2024-05-23 15:10:09'),(58,1,1,58,1,'2024-05-23 15:10:09'),(59,1,1,59,1,'2024-05-23 15:10:09'),(60,1,1,60,1,'2024-05-23 15:10:09'),(61,1,1,61,1,'2024-05-23 15:10:09'),(62,1,1,62,1,'2024-05-23 15:10:09'),(63,1,1,63,1,'2024-05-23 15:10:09'),(64,1,1,64,1,'2024-05-23 15:10:09'),(65,1,1,65,1,'2024-05-23 15:10:09'),(66,1,1,66,1,'2024-05-23 15:10:09'),(67,1,1,67,1,'2024-05-23 15:10:09'),(68,1,1,68,1,'2024-05-23 15:10:09'),(69,1,1,69,1,'2024-05-23 15:10:09'),(70,1,1,70,1,'2024-05-23 15:10:09'),(71,1,1,71,1,'2024-05-23 15:10:09'),(72,1,1,72,1,'2024-05-23 15:10:09'),(73,1,1,73,1,'2024-05-23 15:10:09'),(74,1,1,74,1,'2024-05-23 15:10:09'),(75,1,1,75,1,'2024-05-23 15:10:09'),(76,1,1,76,1,'2024-05-23 15:10:09'),(77,1,1,77,1,'2024-05-23 15:10:09'),(78,1,1,78,1,'2024-05-23 15:10:09'),(79,1,1,79,1,'2024-05-23 15:10:09'),(80,1,1,80,1,'2024-05-23 15:10:09'),(81,1,1,81,1,'2024-05-23 15:10:09'),(82,1,1,82,1,'2024-05-23 15:10:09'),(83,1,1,83,1,'2024-05-23 15:10:09'),(84,1,1,84,1,'2024-05-23 15:10:09'),(85,1,1,85,1,'2024-05-23 15:10:09'),(86,1,1,86,1,'2024-05-23 15:10:09'),(87,1,1,87,1,'2024-05-23 15:10:09'),(88,1,1,88,1,'2024-05-23 15:10:09'),(89,1,1,89,1,'2024-05-23 15:10:09'),(90,1,1,90,1,'2024-05-23 15:10:09'),(91,1,1,91,1,'2024-05-23 15:10:09'),(92,1,1,92,1,'2024-05-23 15:10:09'),(93,1,1,93,1,'2024-05-23 15:10:09'),(94,1,1,94,1,'2024-05-23 15:10:09'),(95,1,1,95,1,'2024-05-23 15:10:09'),(96,1,1,96,1,'2024-05-23 15:10:09'),(97,1,1,97,1,'2024-05-23 15:10:09'),(98,1,1,98,1,'2024-05-23 15:10:09'),(99,1,1,99,1,'2024-05-23 15:10:09'),(100,1,1,100,1,'2024-05-23 15:10:09'),(101,1,1,101,1,'2024-05-23 15:10:09'),(102,1,1,102,1,'2024-05-23 15:10:09'),(103,1,1,103,1,'2024-05-23 15:10:09'),(104,1,1,104,1,'2024-05-23 15:10:09'),(105,1,1,105,1,'2024-05-23 15:10:09'),(106,1,1,106,1,'2024-05-23 15:10:09'),(107,1,1,107,1,'2024-05-23 15:10:09'),(108,1,1,108,1,'2024-05-23 15:10:09'),(109,1,1,109,1,'2024-05-23 15:10:09'),(110,1,1,110,1,'2024-05-23 15:10:09'),(111,1,1,111,1,'2024-05-23 15:10:09'),(112,1,1,112,1,'2024-05-23 15:10:09'),(113,1,1,113,1,'2024-05-23 15:10:09'),(114,1,1,114,1,'2024-05-23 15:10:09'),(115,1,1,115,1,'2024-05-23 15:10:09'),(116,1,1,116,1,'2024-05-23 15:10:09'),(117,1,1,117,1,'2024-05-23 15:10:09'),(118,1,1,118,1,'2024-05-23 15:10:09'),(119,1,1,119,1,'2024-05-23 15:10:09'),(120,1,1,120,1,'2024-05-23 15:10:09'),(121,1,1,121,1,'2024-05-23 15:10:09'),(122,1,1,122,1,'2024-05-23 15:10:09'),(123,1,1,123,1,'2024-05-23 15:10:09'),(124,1,1,124,1,'2024-05-23 15:10:09'),(125,1,1,125,1,'2024-05-23 15:10:09'),(126,1,1,126,1,'2024-05-23 15:10:09'),(127,1,1,127,1,'2024-05-23 15:10:09'),(128,1,1,128,1,'2024-05-23 15:10:09'),(129,1,1,129,1,'2024-05-23 15:10:09'),(130,1,1,130,1,'2024-05-23 15:10:09'),(131,1,1,131,1,'2024-05-23 15:10:09'),(132,1,1,132,1,'2024-05-23 15:10:09'),(133,1,1,133,1,'2024-05-23 15:10:09'),(134,1,1,134,1,'2024-05-23 15:10:09'),(135,1,1,135,1,'2024-05-23 15:10:09'),(136,1,1,136,1,'2024-05-23 15:10:09'),(137,1,1,137,1,'2024-05-23 15:10:09'),(138,1,1,138,1,'2024-05-23 15:10:09'),(139,1,1,139,1,'2024-05-23 15:10:09'),(140,1,1,140,1,'2024-05-23 15:10:09'),(141,1,1,141,1,'2024-05-23 15:10:09'),(142,1,1,142,1,'2024-05-23 15:10:09'),(143,1,1,143,1,'2024-05-23 15:10:09'),(144,1,1,144,1,'2024-05-23 15:10:09'),(145,1,1,145,1,'2024-05-23 15:10:09'),(146,1,1,146,1,'2024-05-23 15:10:09'),(147,1,1,147,1,'2024-05-23 15:10:09'),(148,1,1,148,1,'2024-05-23 15:10:09'),(149,1,1,149,1,'2024-05-23 15:10:09'),(150,1,1,150,1,'2024-05-23 15:10:09'),(151,1,1,151,1,'2024-05-23 15:10:09'),(152,1,1,152,1,'2024-05-23 15:10:09'),(153,1,1,153,1,'2024-05-23 15:10:09'),(154,1,1,154,1,'2024-05-23 15:10:09'),(155,1,1,155,1,'2024-05-23 15:10:09'),(156,1,1,156,1,'2024-05-23 15:10:09'),(157,1,1,157,1,'2024-05-23 15:10:09'),(158,1,1,158,1,'2024-05-23 15:10:09'),(159,1,1,159,1,'2024-05-23 15:10:09'),(160,1,1,160,1,'2024-05-23 15:10:09'),(161,1,1,161,1,'2024-05-23 15:10:09'),(162,1,1,162,1,'2024-05-23 15:10:09'),(163,1,1,163,1,'2024-05-23 15:10:09'),(164,1,1,164,1,'2024-05-23 15:10:09'),(165,1,1,165,1,'2024-05-23 15:10:09'),(166,1,1,166,1,'2024-05-23 15:10:09'),(167,1,1,167,1,'2024-05-23 15:10:09'),(168,1,1,168,1,'2024-05-23 15:10:09'),(169,1,1,169,1,'2024-05-23 15:10:09'),(170,1,1,170,1,'2024-05-23 15:10:09'),(171,1,1,171,1,'2024-05-23 15:10:09'),(172,1,1,172,1,'2024-05-23 15:10:09'),(173,1,1,173,1,'2024-05-23 15:10:09'),(174,1,1,174,1,'2024-05-23 15:10:09'),(175,1,1,175,1,'2024-05-23 15:10:09'),(176,1,1,176,1,'2024-05-23 15:10:09'),(177,1,1,177,1,'2024-05-23 15:10:09'),(178,1,1,178,1,'2024-05-23 15:10:09'),(179,1,1,179,1,'2024-05-23 15:10:09'),(180,1,1,180,1,'2024-05-23 15:10:09'),(181,1,3,181,1,'2024-05-23 15:10:09'),(182,1,3,182,1,'2024-05-23 15:10:09'),(183,1,3,183,1,'2024-05-23 15:10:09'),(184,1,3,184,1,'2024-05-23 15:10:09'),(185,1,3,185,1,'2024-05-23 15:10:09'),(186,1,3,186,1,'2024-05-23 15:10:09'),(187,1,3,187,1,'2024-05-23 15:10:09'),(188,1,3,188,1,'2024-05-23 15:10:09'),(189,1,3,189,1,'2024-05-23 15:10:09'),(190,1,3,190,1,'2024-05-23 15:10:09'),(191,1,3,191,1,'2024-05-23 15:10:09'),(192,1,3,192,1,'2024-05-23 15:10:09'),(193,1,3,193,1,'2024-05-23 15:10:09'),(194,1,3,194,1,'2024-05-23 15:10:09'),(195,1,3,195,1,'2024-05-23 15:10:09'),(196,1,3,196,1,'2024-05-23 15:10:09'),(197,1,3,197,1,'2024-05-23 15:10:09'),(198,1,3,198,1,'2024-05-23 15:10:09'),(199,1,3,199,1,'2024-05-23 15:10:09'),(200,1,3,200,1,'2024-05-23 15:10:09'),(201,1,3,201,1,'2024-05-23 15:10:09'),(202,1,3,202,1,'2024-05-23 15:10:09'),(203,1,3,203,1,'2024-05-23 15:10:09'),(204,1,3,204,1,'2024-05-23 15:10:09'),(205,1,3,205,1,'2024-05-23 15:10:09'),(206,1,3,206,1,'2024-05-23 15:10:09'),(207,1,3,207,1,'2024-05-23 15:10:09'),(208,1,3,208,1,'2024-05-23 15:10:09'),(209,1,3,209,1,'2024-05-23 15:10:09'),(210,1,3,210,1,'2024-05-23 15:10:09'),(211,1,3,211,1,'2024-05-23 15:10:09'),(212,1,3,212,1,'2024-05-23 15:10:09'),(213,1,3,213,1,'2024-05-23 15:10:09'),(214,1,3,214,1,'2024-05-23 15:10:09'),(215,1,3,215,1,'2024-05-23 15:10:09'),(216,1,3,216,1,'2024-05-23 15:10:09'),(217,1,3,217,1,'2024-05-23 15:10:09'),(218,1,3,218,1,'2024-05-23 15:10:09'),(219,1,3,219,1,'2024-05-23 15:10:09'),(220,1,3,220,1,'2024-05-23 15:10:09'),(221,1,3,221,1,'2024-05-23 15:10:09'),(222,1,3,222,1,'2024-05-23 15:10:09'),(223,1,3,223,1,'2024-05-23 15:10:09'),(224,1,3,224,1,'2024-05-23 15:10:09'),(225,1,3,225,1,'2024-05-23 15:10:09'),(226,1,3,226,1,'2024-05-23 15:10:09'),(227,1,3,227,1,'2024-05-23 15:10:09'),(228,1,3,228,1,'2024-05-23 15:10:09'),(229,1,3,229,1,'2024-05-23 15:10:09'),(230,1,3,230,1,'2024-05-23 15:10:09'),(231,1,3,231,1,'2024-05-23 15:10:09'),(232,1,3,232,1,'2024-05-23 15:10:09'),(233,1,3,233,1,'2024-05-23 15:10:09'),(234,1,3,234,1,'2024-05-23 15:10:09'),(235,1,3,235,1,'2024-05-23 15:10:09'),(236,1,3,236,1,'2024-05-23 15:10:09'),(237,1,3,237,1,'2024-05-23 15:10:09'),(238,1,3,238,1,'2024-05-23 15:10:09'),(239,1,3,239,1,'2024-05-23 15:10:09'),(240,1,3,240,1,'2024-05-23 15:10:09'),(241,1,3,241,1,'2024-05-23 15:10:09'),(242,1,3,242,1,'2024-05-23 15:10:09'),(243,1,3,243,1,'2024-05-23 15:10:09'),(244,1,3,244,1,'2024-05-23 15:10:09'),(245,1,3,245,1,'2024-05-23 15:10:09'),(246,1,3,246,1,'2024-05-23 15:10:09'),(247,1,3,247,1,'2024-05-23 15:10:09'),(248,1,3,248,1,'2024-05-23 15:10:09'),(249,1,3,249,1,'2024-05-23 15:10:09'),(250,1,3,250,1,'2024-05-23 15:10:09'),(251,1,3,251,1,'2024-05-23 15:10:09'),(252,1,3,252,1,'2024-05-23 15:10:09'),(253,1,3,253,1,'2024-05-23 15:10:09'),(254,1,3,254,1,'2024-05-23 15:10:09'),(255,1,3,255,1,'2024-05-23 15:10:09'),(256,1,3,256,1,'2024-05-23 15:10:09'),(257,1,3,257,1,'2024-05-23 15:10:09'),(258,1,3,258,1,'2024-05-23 15:10:09'),(259,1,3,259,1,'2024-05-23 15:10:09'),(260,1,3,260,1,'2024-05-23 15:10:09'),(261,1,3,261,1,'2024-05-23 15:10:09'),(262,1,3,262,1,'2024-05-23 15:10:09'),(263,1,3,263,1,'2024-05-23 15:10:09'),(264,1,3,264,1,'2024-05-23 15:10:09'),(265,1,3,265,1,'2024-05-23 15:10:09'),(266,1,3,266,1,'2024-05-23 15:10:09'),(267,1,3,267,1,'2024-05-23 15:10:09'),(268,1,3,268,1,'2024-05-23 15:10:09'),(269,1,3,269,1,'2024-05-23 15:10:09'),(270,1,3,270,1,'2024-05-23 15:10:09'),(271,1,3,271,1,'2024-05-23 15:10:09'),(272,1,3,272,1,'2024-05-23 15:10:09'),(273,1,3,273,1,'2024-05-23 15:10:09'),(274,1,3,274,1,'2024-05-23 15:10:09'),(275,1,3,275,1,'2024-05-23 15:10:09'),(276,1,3,276,1,'2024-05-23 15:10:09'),(277,1,3,277,1,'2024-05-23 15:10:09'),(278,1,3,278,1,'2024-05-23 15:10:09'),(279,1,3,279,1,'2024-05-23 15:10:09'),(280,1,3,280,1,'2024-05-23 15:10:09'),(281,1,3,281,1,'2024-05-23 15:10:09'),(282,1,3,282,1,'2024-05-23 15:10:09'),(283,1,3,283,1,'2024-05-23 15:10:09'),(284,1,3,284,1,'2024-05-23 15:10:09'),(285,1,3,285,1,'2024-05-23 15:10:09'),(286,1,3,286,1,'2024-05-23 15:10:09'),(287,1,3,287,1,'2024-05-23 15:10:09'),(288,1,3,288,1,'2024-05-23 15:10:09'),(289,1,3,289,1,'2024-05-23 15:10:09'),(290,1,3,290,1,'2024-05-23 15:10:09'),(291,1,3,291,1,'2024-05-23 15:10:09'),(292,1,3,292,1,'2024-05-23 15:10:09'),(293,1,3,293,1,'2024-05-23 15:10:09'),(294,1,3,294,1,'2024-05-23 15:10:09'),(295,1,3,295,1,'2024-05-23 15:10:09'),(296,1,3,296,1,'2024-05-23 15:10:09'),(297,1,3,297,1,'2024-05-23 15:10:09'),(298,1,3,298,1,'2024-05-23 15:10:09'),(299,1,3,299,1,'2024-05-23 15:10:09'),(300,1,3,300,1,'2024-05-23 15:10:09'),(1,2,2,301,1,'2024-05-23 15:10:09'),(2,2,2,302,1,'2024-05-23 15:10:09'),(3,2,2,303,1,'2024-05-23 15:10:09'),(4,2,2,304,1,'2024-05-23 15:10:09'),(5,2,2,305,1,'2024-05-23 15:10:09'),(6,2,2,306,1,'2024-05-23 15:10:09'),(7,2,2,307,1,'2024-05-23 15:10:09'),(8,2,2,308,1,'2024-05-23 15:10:09'),(9,2,2,309,1,'2024-05-23 15:10:09'),(10,2,2,310,1,'2024-05-23 15:10:09'),(11,2,2,311,1,'2024-05-23 15:10:09'),(12,2,2,312,1,'2024-05-23 15:10:09'),(13,2,2,313,1,'2024-05-23 15:10:09'),(14,2,2,314,1,'2024-05-23 15:10:09'),(15,2,2,315,1,'2024-05-23 15:10:09'),(16,2,2,316,1,'2024-05-23 15:10:09'),(17,2,2,317,1,'2024-05-23 15:10:09'),(18,2,2,318,1,'2024-05-23 15:10:09'),(19,2,1,319,1,'2024-05-23 15:10:09'),(20,2,1,320,1,'2024-05-23 15:10:09'),(21,2,1,321,1,'2024-05-23 15:10:09'),(22,2,1,322,1,'2024-05-23 15:10:09'),(23,2,1,323,1,'2024-05-23 15:10:09'),(24,2,1,324,1,'2024-05-23 15:10:09'),(25,2,1,325,1,'2024-05-23 15:10:09'),(26,2,1,326,1,'2024-05-23 15:10:09'),(27,2,1,327,1,'2024-05-23 15:10:09'),(28,2,1,328,1,'2024-05-23 15:10:09'),(29,2,1,329,1,'2024-05-23 15:10:09'),(30,2,1,330,1,'2024-05-23 15:10:09'),(31,2,1,331,1,'2024-05-23 15:10:09'),(32,2,1,332,1,'2024-05-23 15:10:09'),(33,2,1,333,1,'2024-05-23 15:10:09'),(34,2,1,334,1,'2024-05-23 15:10:09'),(35,2,1,335,1,'2024-05-23 15:10:09'),(36,2,1,336,1,'2024-05-23 15:10:09'),(37,2,1,337,1,'2024-05-23 15:10:09'),(38,2,1,338,1,'2024-05-23 15:10:09'),(39,2,1,339,1,'2024-05-23 15:10:09'),(40,2,1,340,1,'2024-05-23 15:10:09'),(41,2,1,341,1,'2024-05-23 15:10:09'),(42,2,1,342,1,'2024-05-23 15:10:09'),(43,2,1,343,1,'2024-05-23 15:10:09'),(44,2,1,344,1,'2024-05-23 15:10:09'),(45,2,1,345,1,'2024-05-23 15:10:09'),(46,2,1,346,1,'2024-05-23 15:10:09'),(47,2,1,347,1,'2024-05-23 15:10:09'),(48,2,1,348,1,'2024-05-23 15:10:09'),(49,2,1,349,1,'2024-05-23 15:10:09'),(50,2,1,350,1,'2024-05-23 15:10:09'),(51,2,1,351,1,'2024-05-23 15:10:09'),(52,2,1,352,1,'2024-05-23 15:10:09'),(53,2,1,353,1,'2024-05-23 15:10:09'),(54,2,1,354,1,'2024-05-23 15:10:09'),(55,2,1,355,1,'2024-05-23 15:10:09'),(56,2,1,356,1,'2024-05-23 15:10:09'),(57,2,1,357,1,'2024-05-23 15:10:09'),(58,2,1,358,1,'2024-05-23 15:10:09'),(59,2,1,359,1,'2024-05-23 15:10:09'),(60,2,1,360,1,'2024-05-23 15:10:09'),(61,2,1,361,1,'2024-05-23 15:10:09'),(62,2,1,362,1,'2024-05-23 15:10:09'),(63,2,1,363,1,'2024-05-23 15:10:09'),(64,2,1,364,1,'2024-05-23 15:10:09'),(65,2,1,365,1,'2024-05-23 15:10:09'),(66,2,1,366,1,'2024-05-23 15:10:09'),(67,2,1,367,1,'2024-05-23 15:10:09'),(68,2,1,368,1,'2024-05-23 15:10:09'),(69,2,1,369,1,'2024-05-23 15:10:09'),(70,2,1,370,1,'2024-05-23 15:10:09'),(71,2,1,371,1,'2024-05-23 15:10:09'),(72,2,1,372,1,'2024-05-23 15:10:09'),(73,2,1,373,1,'2024-05-23 15:10:09'),(74,2,1,374,1,'2024-05-23 15:10:09'),(75,2,1,375,1,'2024-05-23 15:10:09'),(76,2,1,376,1,'2024-05-23 15:10:09'),(77,2,1,377,1,'2024-05-23 15:10:09'),(78,2,1,378,1,'2024-05-23 15:10:09'),(79,2,1,379,1,'2024-05-23 15:10:09'),(80,2,1,380,1,'2024-05-23 15:10:09'),(81,2,1,381,1,'2024-05-23 15:10:09'),(82,2,1,382,1,'2024-05-23 15:10:09'),(83,2,1,383,1,'2024-05-23 15:10:09'),(84,2,1,384,1,'2024-05-23 15:10:09'),(85,2,1,385,1,'2024-05-23 15:10:09'),(86,2,1,386,1,'2024-05-23 15:10:09'),(87,2,1,387,1,'2024-05-23 15:10:09'),(88,2,1,388,1,'2024-05-23 15:10:09'),(89,2,1,389,1,'2024-05-23 15:10:09'),(90,2,1,390,1,'2024-05-23 15:10:09'),(91,2,1,391,1,'2024-05-23 15:10:09'),(92,2,1,392,1,'2024-05-23 15:10:09'),(93,2,1,393,1,'2024-05-23 15:10:09'),(94,2,1,394,1,'2024-05-23 15:10:09'),(95,2,1,395,1,'2024-05-23 15:10:09'),(96,2,1,396,1,'2024-05-23 15:10:09'),(97,2,1,397,1,'2024-05-23 15:10:09'),(98,2,1,398,1,'2024-05-23 15:10:09'),(99,2,1,399,1,'2024-05-23 15:10:09'),(100,2,1,400,1,'2024-05-23 15:10:09'),(101,2,1,401,1,'2024-05-23 15:10:09'),(102,2,1,402,1,'2024-05-23 15:10:09'),(103,2,1,403,1,'2024-05-23 15:10:09'),(104,2,1,404,1,'2024-05-23 15:10:09'),(105,2,1,405,1,'2024-05-23 15:10:09'),(106,2,1,406,1,'2024-05-23 15:10:09'),(107,2,1,407,1,'2024-05-23 15:10:09'),(108,2,1,408,1,'2024-05-23 15:10:09'),(109,2,1,409,1,'2024-05-23 15:10:09'),(110,2,1,410,1,'2024-05-23 15:10:09'),(111,2,1,411,1,'2024-05-23 15:10:09'),(112,2,1,412,1,'2024-05-23 15:10:09'),(113,2,1,413,1,'2024-05-23 15:10:09'),(114,2,1,414,1,'2024-05-23 15:10:09'),(115,2,1,415,1,'2024-05-23 15:10:09'),(116,2,1,416,1,'2024-05-23 15:10:09'),(117,2,1,417,1,'2024-05-23 15:10:09'),(118,2,1,418,1,'2024-05-23 15:10:09'),(119,2,1,419,1,'2024-05-23 15:10:09'),(120,2,1,420,1,'2024-05-23 15:10:09'),(121,2,1,421,1,'2024-05-23 15:10:09'),(122,2,1,422,1,'2024-05-23 15:10:09'),(123,2,1,423,1,'2024-05-23 15:10:09'),(124,2,1,424,1,'2024-05-23 15:10:09'),(125,2,1,425,1,'2024-05-23 15:10:09'),(126,2,1,426,1,'2024-05-23 15:10:09'),(127,2,1,427,1,'2024-05-23 15:10:09'),(128,2,1,428,1,'2024-05-23 15:10:09'),(129,2,1,429,1,'2024-05-23 15:10:09'),(130,2,1,430,1,'2024-05-23 15:10:09'),(131,2,1,431,1,'2024-05-23 15:10:09'),(132,2,1,432,1,'2024-05-23 15:10:09'),(133,2,1,433,1,'2024-05-23 15:10:09'),(134,2,1,434,1,'2024-05-23 15:10:09'),(135,2,1,435,1,'2024-05-23 15:10:09'),(136,2,1,436,1,'2024-05-23 15:10:09'),(137,2,1,437,1,'2024-05-23 15:10:09'),(138,2,1,438,1,'2024-05-23 15:10:09'),(139,2,1,439,1,'2024-05-23 15:10:09'),(140,2,1,440,1,'2024-05-23 15:10:09'),(141,2,1,441,1,'2024-05-23 15:10:09'),(142,2,1,442,1,'2024-05-23 15:10:09'),(143,2,1,443,1,'2024-05-23 15:10:09'),(144,2,1,444,1,'2024-05-23 15:10:09'),(145,2,1,445,1,'2024-05-23 15:10:09'),(146,2,1,446,1,'2024-05-23 15:10:09'),(147,2,1,447,1,'2024-05-23 15:10:09'),(148,2,1,448,1,'2024-05-23 15:10:09'),(149,2,1,449,1,'2024-05-23 15:10:09'),(150,2,1,450,1,'2024-05-23 15:10:09'),(151,2,1,451,1,'2024-05-23 15:10:09'),(152,2,1,452,1,'2024-05-23 15:10:09'),(153,2,1,453,1,'2024-05-23 15:10:09'),(154,2,1,454,1,'2024-05-23 15:10:09'),(155,2,1,455,1,'2024-05-23 15:10:09'),(156,2,1,456,1,'2024-05-23 15:10:09'),(157,2,1,457,1,'2024-05-23 15:10:09'),(158,2,1,458,1,'2024-05-23 15:10:09'),(159,2,1,459,1,'2024-05-23 15:10:09'),(160,2,1,460,1,'2024-05-23 15:10:09'),(161,2,1,461,1,'2024-05-23 15:10:09'),(162,2,1,462,1,'2024-05-23 15:10:09'),(163,2,1,463,1,'2024-05-23 15:10:09'),(164,2,1,464,1,'2024-05-23 15:10:09'),(165,2,1,465,1,'2024-05-23 15:10:09'),(166,2,1,466,1,'2024-05-23 15:10:09'),(167,2,1,467,1,'2024-05-23 15:10:09'),(168,2,1,468,1,'2024-05-23 15:10:09'),(169,2,1,469,1,'2024-05-23 15:10:09'),(170,2,1,470,1,'2024-05-23 15:10:09'),(171,2,1,471,1,'2024-05-23 15:10:09'),(172,2,1,472,1,'2024-05-23 15:10:09'),(173,2,1,473,1,'2024-05-23 15:10:09'),(174,2,1,474,1,'2024-05-23 15:10:09'),(175,2,1,475,1,'2024-05-23 15:10:09'),(176,2,1,476,1,'2024-05-23 15:10:09'),(177,2,1,477,1,'2024-05-23 15:10:09'),(178,2,1,478,1,'2024-05-23 15:10:09'),(179,2,1,479,1,'2024-05-23 15:10:09'),(180,2,1,480,1,'2024-05-23 15:10:09'),(181,2,3,481,1,'2024-05-23 15:10:09'),(182,2,3,482,1,'2024-05-23 15:10:09'),(183,2,3,483,1,'2024-05-23 15:10:09'),(184,2,3,484,1,'2024-05-23 15:10:09'),(185,2,3,485,1,'2024-05-23 15:10:09'),(186,2,3,486,1,'2024-05-23 15:10:09'),(187,2,3,487,1,'2024-05-23 15:10:09'),(188,2,3,488,1,'2024-05-23 15:10:09'),(189,2,3,489,1,'2024-05-23 15:10:09'),(190,2,3,490,1,'2024-05-23 15:10:09'),(191,2,3,491,1,'2024-05-23 15:10:09'),(192,2,3,492,1,'2024-05-23 15:10:09'),(193,2,3,493,1,'2024-05-23 15:10:09'),(194,2,3,494,1,'2024-05-23 15:10:09'),(195,2,3,495,1,'2024-05-23 15:10:09'),(196,2,3,496,1,'2024-05-23 15:10:09'),(197,2,3,497,1,'2024-05-23 15:10:09'),(198,2,3,498,1,'2024-05-23 15:10:09'),(199,2,3,499,1,'2024-05-23 15:10:09'),(200,2,3,500,1,'2024-05-23 15:10:09'),(201,2,3,501,1,'2024-05-23 15:10:09'),(202,2,3,502,1,'2024-05-23 15:10:09'),(203,2,3,503,1,'2024-05-23 15:10:09'),(204,2,3,504,1,'2024-05-23 15:10:09'),(205,2,3,505,1,'2024-05-23 15:10:09'),(206,2,3,506,1,'2024-05-23 15:10:09'),(207,2,3,507,1,'2024-05-23 15:10:09'),(208,2,3,508,1,'2024-05-23 15:10:09'),(209,2,3,509,1,'2024-05-23 15:10:09'),(210,2,3,510,1,'2024-05-23 15:10:09'),(211,2,3,511,1,'2024-05-23 15:10:09'),(212,2,3,512,1,'2024-05-23 15:10:09'),(213,2,3,513,1,'2024-05-23 15:10:09'),(214,2,3,514,1,'2024-05-23 15:10:09'),(215,2,3,515,1,'2024-05-23 15:10:09'),(216,2,3,516,1,'2024-05-23 15:10:09'),(217,2,3,517,1,'2024-05-23 15:10:09'),(218,2,3,518,1,'2024-05-23 15:10:09'),(219,2,3,519,1,'2024-05-23 15:10:09'),(220,2,3,520,1,'2024-05-23 15:10:09'),(221,2,3,521,1,'2024-05-23 15:10:09'),(222,2,3,522,1,'2024-05-23 15:10:09'),(223,2,3,523,1,'2024-05-23 15:10:09'),(224,2,3,524,1,'2024-05-23 15:10:09'),(225,2,3,525,1,'2024-05-23 15:10:09'),(226,2,3,526,1,'2024-05-23 15:10:09'),(227,2,3,527,1,'2024-05-23 15:10:09'),(228,2,3,528,1,'2024-05-23 15:10:09'),(229,2,3,529,1,'2024-05-23 15:10:09'),(230,2,3,530,1,'2024-05-23 15:10:09'),(231,2,3,531,1,'2024-05-23 15:10:09'),(232,2,3,532,1,'2024-05-23 15:10:09'),(233,2,3,533,1,'2024-05-23 15:10:09'),(234,2,3,534,1,'2024-05-23 15:10:09'),(235,2,3,535,1,'2024-05-23 15:10:09'),(236,2,3,536,1,'2024-05-23 15:10:09'),(237,2,3,537,1,'2024-05-23 15:10:09'),(238,2,3,538,1,'2024-05-23 15:10:09'),(239,2,3,539,1,'2024-05-23 15:10:09'),(240,2,3,540,1,'2024-05-23 15:10:09'),(241,2,3,541,1,'2024-05-23 15:10:09'),(242,2,3,542,1,'2024-05-23 15:10:09'),(243,2,3,543,1,'2024-05-23 15:10:09'),(244,2,3,544,1,'2024-05-23 15:10:09'),(245,2,3,545,1,'2024-05-23 15:10:09'),(246,2,3,546,1,'2024-05-23 15:10:09'),(247,2,3,547,1,'2024-05-23 15:10:09'),(248,2,3,548,1,'2024-05-23 15:10:09'),(249,2,3,549,1,'2024-05-23 15:10:09'),(250,2,3,550,1,'2024-05-23 15:10:09'),(251,2,3,551,1,'2024-05-23 15:10:09'),(252,2,3,552,1,'2024-05-23 15:10:09'),(253,2,3,553,1,'2024-05-23 15:10:09'),(254,2,3,554,1,'2024-05-23 15:10:09'),(255,2,3,555,1,'2024-05-23 15:10:09'),(256,2,3,556,1,'2024-05-23 15:10:09'),(257,2,3,557,1,'2024-05-23 15:10:09'),(258,2,3,558,1,'2024-05-23 15:10:09'),(259,2,3,559,1,'2024-05-23 15:10:09'),(260,2,3,560,1,'2024-05-23 15:10:09'),(261,2,3,561,1,'2024-05-23 15:10:09'),(262,2,3,562,1,'2024-05-23 15:10:09'),(263,2,3,563,1,'2024-05-23 15:10:09'),(264,2,3,564,1,'2024-05-23 15:10:09'),(265,2,3,565,1,'2024-05-23 15:10:09'),(266,2,3,566,1,'2024-05-23 15:10:09'),(267,2,3,567,1,'2024-05-23 15:10:09'),(268,2,3,568,1,'2024-05-23 15:10:09'),(269,2,3,569,1,'2024-05-23 15:10:09'),(270,2,3,570,1,'2024-05-23 15:10:09'),(271,2,3,571,1,'2024-05-23 15:10:09'),(272,2,3,572,1,'2024-05-23 15:10:09'),(273,2,3,573,1,'2024-05-23 15:10:09'),(274,2,3,574,1,'2024-05-23 15:10:09'),(275,2,3,575,1,'2024-05-23 15:10:09'),(276,2,3,576,1,'2024-05-23 15:10:09'),(277,2,3,577,1,'2024-05-23 15:10:09'),(278,2,3,578,1,'2024-05-23 15:10:09'),(279,2,3,579,1,'2024-05-23 15:10:09'),(280,2,3,580,1,'2024-05-23 15:10:09'),(281,2,3,581,1,'2024-05-23 15:10:09'),(282,2,3,582,1,'2024-05-23 15:10:09'),(283,2,3,583,1,'2024-05-23 15:10:09'),(284,2,3,584,1,'2024-05-23 15:10:09'),(285,2,3,585,1,'2024-05-23 15:10:09'),(286,2,3,586,1,'2024-05-23 15:10:09'),(287,2,3,587,1,'2024-05-23 15:10:09'),(288,2,3,588,1,'2024-05-23 15:10:09'),(289,2,3,589,1,'2024-05-23 15:10:09'),(290,2,3,590,1,'2024-05-23 15:10:09'),(291,2,3,591,1,'2024-05-23 15:10:09'),(292,2,3,592,1,'2024-05-23 15:10:09'),(293,2,3,593,1,'2024-05-23 15:10:09'),(294,2,3,594,1,'2024-05-23 15:10:09'),(295,2,3,595,1,'2024-05-23 15:10:09'),(296,2,3,596,1,'2024-05-23 15:10:09'),(297,2,3,597,1,'2024-05-23 15:10:09'),(298,2,3,598,1,'2024-05-23 15:10:09'),(299,2,3,599,1,'2024-05-23 15:10:09'),(300,2,3,600,1,'2024-05-23 15:10:09'),(1,3,2,601,1,'2024-05-23 15:10:09'),(2,3,2,602,1,'2024-05-23 15:10:09'),(3,3,2,603,1,'2024-05-23 15:10:09'),(4,3,2,604,1,'2024-05-23 15:10:09'),(5,3,2,605,1,'2024-05-23 15:10:09'),(6,3,2,606,1,'2024-05-23 15:10:09'),(7,3,2,607,1,'2024-05-23 15:10:09'),(8,3,2,608,1,'2024-05-23 15:10:09'),(9,3,2,609,1,'2024-05-23 15:10:09'),(10,3,2,610,1,'2024-05-23 15:10:09'),(11,3,2,611,1,'2024-05-23 15:10:09'),(12,3,2,612,1,'2024-05-23 15:10:09'),(13,3,2,613,1,'2024-05-23 15:10:09'),(14,3,2,614,1,'2024-05-23 15:10:09'),(15,3,2,615,1,'2024-05-23 15:10:09'),(16,3,2,616,1,'2024-05-23 15:10:09'),(17,3,2,617,1,'2024-05-23 15:10:09'),(18,3,2,618,1,'2024-05-23 15:10:09'),(19,3,1,619,1,'2024-05-23 15:10:09'),(20,3,1,620,1,'2024-05-23 15:10:09'),(21,3,1,621,1,'2024-05-23 15:10:09'),(22,3,1,622,1,'2024-05-23 15:10:09'),(23,3,1,623,1,'2024-05-23 15:10:09'),(24,3,1,624,1,'2024-05-23 15:10:09'),(25,3,1,625,1,'2024-05-23 15:10:09'),(26,3,1,626,1,'2024-05-23 15:10:09'),(27,3,1,627,1,'2024-05-23 15:10:09'),(28,3,1,628,1,'2024-05-23 15:10:09'),(29,3,1,629,1,'2024-05-23 15:10:09'),(30,3,1,630,1,'2024-05-23 15:10:09'),(31,3,1,631,1,'2024-05-23 15:10:09'),(32,3,1,632,1,'2024-05-23 15:10:09'),(33,3,1,633,1,'2024-05-23 15:10:09'),(34,3,1,634,1,'2024-05-23 15:10:09'),(35,3,1,635,1,'2024-05-23 15:10:09'),(36,3,1,636,1,'2024-05-23 15:10:09'),(37,3,1,637,1,'2024-05-23 15:10:09'),(38,3,1,638,1,'2024-05-23 15:10:09'),(39,3,1,639,1,'2024-05-23 15:10:09'),(40,3,1,640,1,'2024-05-23 15:10:09'),(41,3,1,641,1,'2024-05-23 15:10:09'),(42,3,1,642,1,'2024-05-23 15:10:09'),(43,3,1,643,1,'2024-05-23 15:10:09'),(44,3,1,644,1,'2024-05-23 15:10:09'),(45,3,1,645,1,'2024-05-23 15:10:09'),(46,3,1,646,1,'2024-05-23 15:10:09'),(47,3,1,647,1,'2024-05-23 15:10:09'),(48,3,1,648,1,'2024-05-23 15:10:09'),(49,3,1,649,1,'2024-05-23 15:10:09'),(50,3,1,650,1,'2024-05-23 15:10:09'),(51,3,1,651,1,'2024-05-23 15:10:09'),(52,3,1,652,1,'2024-05-23 15:10:09'),(53,3,1,653,1,'2024-05-23 15:10:09'),(54,3,1,654,1,'2024-05-23 15:10:09'),(55,3,1,655,1,'2024-05-23 15:10:09'),(56,3,1,656,1,'2024-05-23 15:10:09'),(57,3,1,657,1,'2024-05-23 15:10:09'),(58,3,1,658,1,'2024-05-23 15:10:09'),(59,3,1,659,1,'2024-05-23 15:10:09'),(60,3,1,660,1,'2024-05-23 15:10:09'),(61,3,1,661,1,'2024-05-23 15:10:09'),(62,3,1,662,1,'2024-05-23 15:10:09'),(63,3,1,663,1,'2024-05-23 15:10:09'),(64,3,1,664,1,'2024-05-23 15:10:09'),(65,3,1,665,1,'2024-05-23 15:10:09'),(66,3,1,666,1,'2024-05-23 15:10:09'),(67,3,1,667,1,'2024-05-23 15:10:09'),(68,3,1,668,1,'2024-05-23 15:10:09'),(69,3,1,669,1,'2024-05-23 15:10:09'),(70,3,1,670,1,'2024-05-23 15:10:09'),(71,3,1,671,1,'2024-05-23 15:10:09'),(72,3,1,672,1,'2024-05-23 15:10:09'),(73,3,1,673,1,'2024-05-23 15:10:09'),(74,3,1,674,1,'2024-05-23 15:10:09'),(75,3,1,675,1,'2024-05-23 15:10:09'),(76,3,1,676,1,'2024-05-23 15:10:09'),(77,3,1,677,1,'2024-05-23 15:10:09'),(78,3,1,678,1,'2024-05-23 15:10:09'),(79,3,1,679,1,'2024-05-23 15:10:09'),(80,3,1,680,1,'2024-05-23 15:10:09'),(81,3,1,681,1,'2024-05-23 15:10:09'),(82,3,1,682,1,'2024-05-23 15:10:09'),(83,3,1,683,1,'2024-05-23 15:10:09'),(84,3,1,684,1,'2024-05-23 15:10:09'),(85,3,1,685,1,'2024-05-23 15:10:09'),(86,3,1,686,1,'2024-05-23 15:10:09'),(87,3,1,687,1,'2024-05-23 15:10:09'),(88,3,1,688,1,'2024-05-23 15:10:09'),(89,3,1,689,1,'2024-05-23 15:10:09'),(90,3,1,690,1,'2024-05-23 15:10:09'),(91,3,1,691,1,'2024-05-23 15:10:09'),(92,3,1,692,1,'2024-05-23 15:10:09'),(93,3,1,693,1,'2024-05-23 15:10:09'),(94,3,1,694,1,'2024-05-23 15:10:09'),(95,3,1,695,1,'2024-05-23 15:10:09'),(96,3,1,696,1,'2024-05-23 15:10:09'),(97,3,1,697,1,'2024-05-23 15:10:09'),(98,3,1,698,1,'2024-05-23 15:10:09'),(99,3,1,699,1,'2024-05-23 15:10:09'),(100,3,1,700,1,'2024-05-23 15:10:09'),(101,3,1,701,1,'2024-05-23 15:10:09'),(102,3,1,702,1,'2024-05-23 15:10:09'),(103,3,1,703,1,'2024-05-23 15:10:09'),(104,3,1,704,1,'2024-05-23 15:10:09'),(105,3,1,705,1,'2024-05-23 15:10:09'),(106,3,1,706,1,'2024-05-23 15:10:09'),(107,3,1,707,1,'2024-05-23 15:10:09'),(108,3,1,708,1,'2024-05-23 15:10:09'),(109,3,1,709,1,'2024-05-23 15:10:09'),(110,3,1,710,1,'2024-05-23 15:10:09'),(111,3,1,711,1,'2024-05-23 15:10:09'),(112,3,1,712,1,'2024-05-23 15:10:09'),(113,3,1,713,1,'2024-05-23 15:10:09'),(114,3,1,714,1,'2024-05-23 15:10:09'),(115,3,1,715,1,'2024-05-23 15:10:09'),(116,3,1,716,1,'2024-05-23 15:10:09'),(117,3,1,717,1,'2024-05-23 15:10:09'),(118,3,1,718,1,'2024-05-23 15:10:09'),(119,3,1,719,1,'2024-05-23 15:10:09'),(120,3,1,720,1,'2024-05-23 15:10:09'),(121,3,1,721,1,'2024-05-23 15:10:09'),(122,3,1,722,1,'2024-05-23 15:10:09'),(123,3,1,723,1,'2024-05-23 15:10:09'),(124,3,1,724,1,'2024-05-23 15:10:09'),(125,3,1,725,1,'2024-05-23 15:10:09'),(126,3,1,726,1,'2024-05-23 15:10:09'),(127,3,1,727,1,'2024-05-23 15:10:09'),(128,3,1,728,1,'2024-05-23 15:10:09'),(129,3,1,729,1,'2024-05-23 15:10:09'),(130,3,1,730,1,'2024-05-23 15:10:09'),(131,3,1,731,1,'2024-05-23 15:10:09'),(132,3,1,732,1,'2024-05-23 15:10:09'),(133,3,1,733,1,'2024-05-23 15:10:09'),(134,3,1,734,1,'2024-05-23 15:10:09'),(135,3,1,735,1,'2024-05-23 15:10:09'),(136,3,1,736,1,'2024-05-23 15:10:09'),(137,3,1,737,1,'2024-05-23 15:10:09'),(138,3,1,738,1,'2024-05-23 15:10:09'),(139,3,1,739,1,'2024-05-23 15:10:09'),(140,3,1,740,1,'2024-05-23 15:10:09'),(141,3,1,741,1,'2024-05-23 15:10:09'),(142,3,1,742,1,'2024-05-23 15:10:09'),(143,3,1,743,1,'2024-05-23 15:10:09'),(144,3,1,744,1,'2024-05-23 15:10:09'),(145,3,1,745,1,'2024-05-23 15:10:09'),(146,3,1,746,1,'2024-05-23 15:10:09'),(147,3,1,747,1,'2024-05-23 15:10:09'),(148,3,1,748,1,'2024-05-23 15:10:09'),(149,3,1,749,1,'2024-05-23 15:10:09'),(150,3,1,750,1,'2024-05-23 15:10:09'),(151,3,1,751,1,'2024-05-23 15:10:09'),(152,3,1,752,1,'2024-05-23 15:10:09'),(153,3,1,753,1,'2024-05-23 15:10:09'),(154,3,1,754,1,'2024-05-23 15:10:09'),(155,3,1,755,1,'2024-05-23 15:10:09'),(156,3,1,756,1,'2024-05-23 15:10:09'),(157,3,1,757,1,'2024-05-23 15:10:09'),(158,3,1,758,1,'2024-05-23 15:10:09'),(159,3,1,759,1,'2024-05-23 15:10:09'),(160,3,1,760,1,'2024-05-23 15:10:09'),(161,3,1,761,1,'2024-05-23 15:10:09'),(162,3,1,762,1,'2024-05-23 15:10:09'),(163,3,1,763,1,'2024-05-23 15:10:09'),(164,3,1,764,1,'2024-05-23 15:10:09'),(165,3,1,765,1,'2024-05-23 15:10:09'),(166,3,1,766,1,'2024-05-23 15:10:09'),(167,3,1,767,1,'2024-05-23 15:10:09'),(168,3,1,768,1,'2024-05-23 15:10:09'),(169,3,1,769,1,'2024-05-23 15:10:09'),(170,3,1,770,1,'2024-05-23 15:10:09'),(171,3,1,771,1,'2024-05-23 15:10:09'),(172,3,1,772,1,'2024-05-23 15:10:09'),(173,3,1,773,1,'2024-05-23 15:10:09'),(174,3,1,774,1,'2024-05-23 15:10:09'),(175,3,1,775,1,'2024-05-23 15:10:09'),(176,3,1,776,1,'2024-05-23 15:10:09'),(177,3,1,777,1,'2024-05-23 15:10:09'),(178,3,1,778,1,'2024-05-23 15:10:09'),(179,3,1,779,1,'2024-05-23 15:10:09'),(180,3,1,780,1,'2024-05-23 15:10:09'),(181,3,3,781,1,'2024-05-23 15:10:09'),(182,3,3,782,1,'2024-05-23 15:10:09'),(183,3,3,783,1,'2024-05-23 15:10:09'),(184,3,3,784,1,'2024-05-23 15:10:09'),(185,3,3,785,1,'2024-05-23 15:10:09'),(186,3,3,786,1,'2024-05-23 15:10:09'),(187,3,3,787,1,'2024-05-23 15:10:09'),(188,3,3,788,1,'2024-05-23 15:10:09'),(189,3,3,789,1,'2024-05-23 15:10:09'),(190,3,3,790,1,'2024-05-23 15:10:09'),(191,3,3,791,1,'2024-05-23 15:10:09'),(192,3,3,792,1,'2024-05-23 15:10:09'),(193,3,3,793,1,'2024-05-23 15:10:09'),(194,3,3,794,1,'2024-05-23 15:10:09'),(195,3,3,795,1,'2024-05-23 15:10:09'),(196,3,3,796,1,'2024-05-23 15:10:09'),(197,3,3,797,1,'2024-05-23 15:10:09'),(198,3,3,798,1,'2024-05-23 15:10:09'),(199,3,3,799,1,'2024-05-23 15:10:09'),(200,3,3,800,1,'2024-05-23 15:10:09'),(201,3,3,801,1,'2024-05-23 15:10:09'),(202,3,3,802,1,'2024-05-23 15:10:09'),(203,3,3,803,1,'2024-05-23 15:10:09'),(204,3,3,804,1,'2024-05-23 15:10:09'),(205,3,3,805,1,'2024-05-23 15:10:09'),(206,3,3,806,1,'2024-05-23 15:10:09'),(207,3,3,807,1,'2024-05-23 15:10:09'),(208,3,3,808,1,'2024-05-23 15:10:09'),(209,3,3,809,1,'2024-05-23 15:10:09'),(210,3,3,810,1,'2024-05-23 15:10:09'),(211,3,3,811,1,'2024-05-23 15:10:09'),(212,3,3,812,1,'2024-05-23 15:10:09'),(213,3,3,813,1,'2024-05-23 15:10:09'),(214,3,3,814,1,'2024-05-23 15:10:09'),(215,3,3,815,1,'2024-05-23 15:10:09'),(216,3,3,816,1,'2024-05-23 15:10:09'),(217,3,3,817,1,'2024-05-23 15:10:09'),(218,3,3,818,1,'2024-05-23 15:10:09'),(219,3,3,819,1,'2024-05-23 15:10:09'),(220,3,3,820,1,'2024-05-23 15:10:09'),(221,3,3,821,1,'2024-05-23 15:10:09'),(222,3,3,822,1,'2024-05-23 15:10:09'),(223,3,3,823,1,'2024-05-23 15:10:09'),(224,3,3,824,1,'2024-05-23 15:10:09'),(225,3,3,825,1,'2024-05-23 15:10:09'),(226,3,3,826,1,'2024-05-23 15:10:09'),(227,3,3,827,1,'2024-05-23 15:10:09'),(228,3,3,828,1,'2024-05-23 15:10:09'),(229,3,3,829,1,'2024-05-23 15:10:09'),(230,3,3,830,1,'2024-05-23 15:10:09'),(231,3,3,831,1,'2024-05-23 15:10:09'),(232,3,3,832,1,'2024-05-23 15:10:09'),(233,3,3,833,1,'2024-05-23 15:10:09'),(234,3,3,834,1,'2024-05-23 15:10:09'),(235,3,3,835,1,'2024-05-23 15:10:09'),(236,3,3,836,1,'2024-05-23 15:10:09'),(237,3,3,837,1,'2024-05-23 15:10:09'),(238,3,3,838,1,'2024-05-23 15:10:09'),(239,3,3,839,1,'2024-05-23 15:10:09'),(240,3,3,840,1,'2024-05-23 15:10:09'),(241,3,3,841,1,'2024-05-23 15:10:09'),(242,3,3,842,1,'2024-05-23 15:10:09'),(243,3,3,843,1,'2024-05-23 15:10:09'),(244,3,3,844,1,'2024-05-23 15:10:09'),(245,3,3,845,1,'2024-05-23 15:10:09'),(246,3,3,846,1,'2024-05-23 15:10:09'),(247,3,3,847,1,'2024-05-23 15:10:09'),(248,3,3,848,1,'2024-05-23 15:10:09'),(249,3,3,849,1,'2024-05-23 15:10:09'),(250,3,3,850,1,'2024-05-23 15:10:09'),(251,3,3,851,1,'2024-05-23 15:10:09'),(252,3,3,852,1,'2024-05-23 15:10:09'),(253,3,3,853,1,'2024-05-23 15:10:09'),(254,3,3,854,1,'2024-05-23 15:10:09'),(255,3,3,855,1,'2024-05-23 15:10:09'),(256,3,3,856,1,'2024-05-23 15:10:09'),(257,3,3,857,1,'2024-05-23 15:10:09'),(258,3,3,858,1,'2024-05-23 15:10:09'),(259,3,3,859,1,'2024-05-23 15:10:09'),(260,3,3,860,1,'2024-05-23 15:10:09'),(261,3,3,861,1,'2024-05-23 15:10:09'),(262,3,3,862,1,'2024-05-23 15:10:09'),(263,3,3,863,1,'2024-05-23 15:10:09'),(264,3,3,864,1,'2024-05-23 15:10:09'),(265,3,3,865,1,'2024-05-23 15:10:09'),(266,3,3,866,1,'2024-05-23 15:10:09'),(267,3,3,867,1,'2024-05-23 15:10:09'),(268,3,3,868,1,'2024-05-23 15:10:09'),(269,3,3,869,1,'2024-05-23 15:10:09'),(270,3,3,870,1,'2024-05-23 15:10:09'),(271,3,3,871,1,'2024-05-23 15:10:09'),(272,3,3,872,1,'2024-05-23 15:10:09'),(273,3,3,873,1,'2024-05-23 15:10:09'),(274,3,3,874,1,'2024-05-23 15:10:09'),(275,3,3,875,1,'2024-05-23 15:10:09'),(276,3,3,876,1,'2024-05-23 15:10:09'),(277,3,3,877,1,'2024-05-23 15:10:09'),(278,3,3,878,1,'2024-05-23 15:10:09'),(279,3,3,879,1,'2024-05-23 15:10:09'),(280,3,3,880,1,'2024-05-23 15:10:09'),(281,3,3,881,1,'2024-05-23 15:10:09'),(282,3,3,882,1,'2024-05-23 15:10:09'),(283,3,3,883,1,'2024-05-23 15:10:09'),(284,3,3,884,1,'2024-05-23 15:10:09'),(285,3,3,885,1,'2024-05-23 15:10:09'),(286,3,3,886,1,'2024-05-23 15:10:09'),(287,3,3,887,1,'2024-05-23 15:10:09'),(288,3,3,888,1,'2024-05-23 15:10:09'),(289,3,3,889,1,'2024-05-23 15:10:09'),(290,3,3,890,1,'2024-05-23 15:10:09'),(291,3,3,891,1,'2024-05-23 15:10:09'),(292,3,3,892,1,'2024-05-23 15:10:09'),(293,3,3,893,1,'2024-05-23 15:10:09'),(294,3,3,894,1,'2024-05-23 15:10:09'),(295,3,3,895,1,'2024-05-23 15:10:09'),(296,3,3,896,1,'2024-05-23 15:10:09'),(297,3,3,897,1,'2024-05-23 15:10:09'),(298,3,3,898,1,'2024-05-23 15:10:09'),(299,3,3,899,1,'2024-05-23 15:10:09'),(300,3,3,900,1,'2024-05-23 15:10:09');
/*!40000 ALTER TABLE `ghe_may_bay` ENABLE KEYS */;
UNLOCK TABLES;

--
-- Table structure for table `hang_ve`
--

DROP TABLE IF EXISTS `hang_ve`;
/*!40101 SET @saved_cs_client     = @@character_set_client */;
/*!50503 SET character_set_client = utf8mb4 */;
CREATE TABLE `hang_ve` (
  `ten` varchar(20) CHARACTER SET utf8mb4 COLLATE utf8mb4_unicode_ci NOT NULL,
  `id` int NOT NULL AUTO_INCREMENT,
  `active` tinyint(1) DEFAULT NULL,
  `created_date` datetime DEFAULT NULL,
  PRIMARY KEY (`id`)
) ENGINE=InnoDB AUTO_INCREMENT=4 DEFAULT CHARSET=utf8mb4 COLLATE=utf8mb4_unicode_ci;
/*!40101 SET character_set_client = @saved_cs_client */;

--
-- Dumping data for table `hang_ve`
--

LOCK TABLES `hang_ve` WRITE;
/*!40000 ALTER TABLE `hang_ve` DISABLE KEYS */;
INSERT INTO `hang_ve` VALUES ('Tiết Kiệm',1,1,'2024-05-23 15:10:09'),('Thương Gia',2,1,'2024-05-23 15:10:09'),('Phổ Thông',3,1,'2024-05-23 15:10:09');
/*!40000 ALTER TABLE `hang_ve` ENABLE KEYS */;
UNLOCK TABLES;

--
-- Table structure for table `hang_ve_chuyen_bay`
--

DROP TABLE IF EXISTS `hang_ve_chuyen_bay`;
/*!40101 SET @saved_cs_client     = @@character_set_client */;
/*!50503 SET character_set_client = utf8mb4 */;
CREATE TABLE `hang_ve_chuyen_bay` (
  `hang_ve_id` int NOT NULL,
  `chuyen_bay_id` int NOT NULL,
  `so_luong` int NOT NULL,
  `gia` int NOT NULL,
  `id` int NOT NULL AUTO_INCREMENT,
  `active` tinyint(1) DEFAULT NULL,
  `created_date` datetime DEFAULT NULL,
  PRIMARY KEY (`id`),
  UNIQUE KEY `hang_ve_id` (`hang_ve_id`,`chuyen_bay_id`),
  KEY `chuyen_bay_id` (`chuyen_bay_id`),
  CONSTRAINT `hang_ve_chuyen_bay_ibfk_1` FOREIGN KEY (`hang_ve_id`) REFERENCES `hang_ve` (`id`),
  CONSTRAINT `hang_ve_chuyen_bay_ibfk_2` FOREIGN KEY (`chuyen_bay_id`) REFERENCES `chuyen_bay` (`id`)
) ENGINE=InnoDB AUTO_INCREMENT=10 DEFAULT CHARSET=utf8mb4 COLLATE=utf8mb4_unicode_ci;
/*!40101 SET character_set_client = @saved_cs_client */;

--
-- Dumping data for table `hang_ve_chuyen_bay`
--

LOCK TABLES `hang_ve_chuyen_bay` WRITE;
/*!40000 ALTER TABLE `hang_ve_chuyen_bay` DISABLE KEYS */;
/*!40000 ALTER TABLE `hang_ve_chuyen_bay` ENABLE KEYS */;
UNLOCK TABLES;

--
-- Table structure for table `hoa_don`
--

DROP TABLE IF EXISTS `hoa_don`;
/*!40101 SET @saved_cs_client     = @@character_set_client */;
/*!50503 SET character_set_client = utf8mb4 */;
CREATE TABLE `hoa_don` (
  `ma_giao_dich` varchar(100) CHARACTER SET utf8mb4 COLLATE utf8mb4_unicode_ci NOT NULL,
  `phhuong_thuc` enum('MOMO','ZALOPAY') CHARACTER SET utf8mb4 COLLATE utf8mb4_unicode_ci NOT NULL,
  `trang_thai` enum('UNPAID','UNCONFIRM','PAID') CHARACTER SET utf8mb4 COLLATE utf8mb4_unicode_ci NOT NULL,
  `id` int NOT NULL AUTO_INCREMENT,
  `active` tinyint(1) DEFAULT NULL,
  `created_date` datetime DEFAULT NULL,
  PRIMARY KEY (`id`)
) ENGINE=InnoDB AUTO_INCREMENT=6 DEFAULT CHARSET=utf8mb4 COLLATE=utf8mb4_unicode_ci;
/*!40101 SET character_set_client = @saved_cs_client */;

--
-- Dumping data for table `hoa_don`
--

LOCK TABLES `hoa_don` WRITE;
/*!40000 ALTER TABLE `hoa_don` DISABLE KEYS */;
/*!40000 ALTER TABLE `hoa_don` ENABLE KEYS */;
UNLOCK TABLES;

--
-- Table structure for table `may_bay`
--

DROP TABLE IF EXISTS `may_bay`;
/*!40101 SET @saved_cs_client     = @@character_set_client */;
/*!50503 SET character_set_client = utf8mb4 */;
CREATE TABLE `may_bay` (
  `ten` varchar(20) CHARACTER SET utf8mb4 COLLATE utf8mb4_unicode_ci NOT NULL,
  `id` int NOT NULL AUTO_INCREMENT,
  `active` tinyint(1) DEFAULT NULL,
  `created_date` datetime DEFAULT NULL,
  PRIMARY KEY (`id`)
) ENGINE=InnoDB AUTO_INCREMENT=4 DEFAULT CHARSET=utf8mb4 COLLATE=utf8mb4_unicode_ci;
/*!40101 SET character_set_client = @saved_cs_client */;

--
-- Dumping data for table `may_bay`
--

LOCK TABLES `may_bay` WRITE;
/*!40000 ALTER TABLE `may_bay` DISABLE KEYS */;
INSERT INTO `may_bay` VALUES ('BOE701',1,1,'2024-05-23 15:10:09'),('VietAir234',2,1,'2024-05-23 15:10:09'),('AirJet709',3,1,'2024-05-23 15:10:09');
/*!40000 ALTER TABLE `may_bay` ENABLE KEYS */;
UNLOCK TABLES;

--
-- Table structure for table `quy_dinh`
--

DROP TABLE IF EXISTS `quy_dinh`;
/*!40101 SET @saved_cs_client     = @@character_set_client */;
/*!50503 SET character_set_client = utf8mb4 */;
CREATE TABLE `quy_dinh` (
  `key` enum('NUAIRPORT','MINFLIGHT','MAXIMAIRPORT','MINSTOP','MAXSTOP','NUTICKETCLASS','BASEPRICE','SOLDTIME','BOOKINGTIME') CHARACTER SET utf8mb4 COLLATE utf8mb4_unicode_ci NOT NULL,
  `value` int NOT NULL,
  `nhan_vien_quan_tri_id` int NOT NULL,
  `id` int NOT NULL AUTO_INCREMENT,
  `active` tinyint(1) DEFAULT NULL,
  `created_date` datetime DEFAULT NULL,
  PRIMARY KEY (`id`),
  UNIQUE KEY `key` (`key`),
  KEY `nhan_vien_quan_tri_id` (`nhan_vien_quan_tri_id`),
  CONSTRAINT `quy_dinh_ibfk_1` FOREIGN KEY (`nhan_vien_quan_tri_id`) REFERENCES `user` (`id`)
) ENGINE=InnoDB AUTO_INCREMENT=10 DEFAULT CHARSET=utf8mb4 COLLATE=utf8mb4_unicode_ci;
/*!40101 SET character_set_client = @saved_cs_client */;

--
-- Dumping data for table `quy_dinh`
--

LOCK TABLES `quy_dinh` WRITE;
/*!40000 ALTER TABLE `quy_dinh` DISABLE KEYS */;
INSERT INTO `quy_dinh` VALUES ('NUAIRPORT',10,1,1,1,'2024-05-23 15:10:09'),('MINFLIGHT',30,1,2,1,'2024-05-23 15:10:09'),('MAXIMAIRPORT',3,1,3,1,'2024-05-23 15:10:09'),('MAXSTOP',30,1,4,1,'2024-05-23 15:10:09'),('MINSTOP',15,1,5,1,'2024-05-23 15:10:09'),('BASEPRICE',300000,1,6,1,'2024-05-23 15:10:09'),('BOOKINGTIME',720,1,7,1,'2024-07-22 20:44:03'),('SOLDTIME',240,1,8,1,'2024-05-23 15:10:09'),('NUTICKETCLASS',3,1,9,1,'2024-05-23 15:10:09');
/*!40000 ALTER TABLE `quy_dinh` ENABLE KEYS */;
UNLOCK TABLES;

--
-- Table structure for table `san_bay`
--

DROP TABLE IF EXISTS `san_bay`;
/*!40101 SET @saved_cs_client     = @@character_set_client */;
/*!50503 SET character_set_client = utf8mb4 */;
CREATE TABLE `san_bay` (
  `ten` varchar(50) CHARACTER SET utf8mb4 COLLATE utf8mb4_unicode_ci NOT NULL,
  `tinh` varchar(100) CHARACTER SET utf8mb4 COLLATE utf8mb4_unicode_ci NOT NULL,
  `id` int NOT NULL AUTO_INCREMENT,
  `active` tinyint(1) DEFAULT NULL,
  `created_date` datetime DEFAULT NULL,
  PRIMARY KEY (`id`)
) ENGINE=InnoDB AUTO_INCREMENT=11 DEFAULT CHARSET=utf8mb4 COLLATE=utf8mb4_unicode_ci;
/*!40101 SET character_set_client = @saved_cs_client */;

--
-- Dumping data for table `san_bay`
--

LOCK TABLES `san_bay` WRITE;
/*!40000 ALTER TABLE `san_bay` DISABLE KEYS */;
INSERT INTO `san_bay` VALUES ('Cà Mau','Cà Mau',1,1,'2024-05-23 15:10:09'),('Cần Thơ','Cần Thơ',2,1,'2024-05-23 15:10:09'),('Đà Nẵng','Đà Nẵng',3,1,'2024-05-23 15:10:09'),('Pleiku','Pleiku',4,1,'2024-05-23 15:10:09'),('Tân Sơn Nhất','Thành phố Hồ Chí Minh',5,1,'2024-05-23 15:10:09'),('Nội Bài','Hà Nội',6,1,'2024-05-23 15:10:09'),('Điện Biên Phủ','Điện Biên',7,1,'2024-05-23 15:10:09'),('Liên Khương','Lâm Đồng',8,1,'2024-05-23 15:10:09'),('Phú Bài','Thừa Thiên Huế',9,1,'2024-05-23 15:10:09'),('Vinh','Nghệ An',10,1,'2024-05-23 15:10:09');
/*!40000 ALTER TABLE `san_bay` ENABLE KEYS */;
UNLOCK TABLES;

--
-- Table structure for table `san_bay_trung_gian`
--

DROP TABLE IF EXISTS `san_bay_trung_gian`;
/*!40101 SET @saved_cs_client     = @@character_set_client */;
/*!50503 SET character_set_client = utf8mb4 */;
CREATE TABLE `san_bay_trung_gian` (
  `san_bay_id` int NOT NULL,
  `chuyen_bay_id` int NOT NULL,
  `thoi_gian_dung` int NOT NULL,
  `note` varchar(100) CHARACTER SET utf8mb4 COLLATE utf8mb4_unicode_ci DEFAULT NULL,
  `id` int NOT NULL AUTO_INCREMENT,
  `active` tinyint(1) DEFAULT NULL,
  `created_date` datetime DEFAULT NULL,
  PRIMARY KEY (`id`),
  UNIQUE KEY `san_bay_id` (`san_bay_id`,`chuyen_bay_id`),
  KEY `chuyen_bay_id` (`chuyen_bay_id`),
  CONSTRAINT `san_bay_trung_gian_ibfk_1` FOREIGN KEY (`san_bay_id`) REFERENCES `san_bay` (`id`),
  CONSTRAINT `san_bay_trung_gian_ibfk_2` FOREIGN KEY (`chuyen_bay_id`) REFERENCES `chuyen_bay` (`id`)
) ENGINE=InnoDB DEFAULT CHARSET=utf8mb4 COLLATE=utf8mb4_unicode_ci;
/*!40101 SET character_set_client = @saved_cs_client */;

--
-- Dumping data for table `san_bay_trung_gian`
--

LOCK TABLES `san_bay_trung_gian` WRITE;
/*!40000 ALTER TABLE `san_bay_trung_gian` DISABLE KEYS */;
/*!40000 ALTER TABLE `san_bay_trung_gian` ENABLE KEYS */;
UNLOCK TABLES;

--
-- Table structure for table `thong_tin_nguoi_dung`
--

DROP TABLE IF EXISTS `thong_tin_nguoi_dung`;
/*!40101 SET @saved_cs_client     = @@character_set_client */;
/*!50503 SET character_set_client = utf8mb4 */;
CREATE TABLE `thong_tin_nguoi_dung` (
  `ho_va_ten` varchar(50) CHARACTER SET utf8mb4 COLLATE utf8mb4_unicode_ci NOT NULL,
  `so_dien_thoai` varchar(20) CHARACTER SET utf8mb4 COLLATE utf8mb4_unicode_ci DEFAULT NULL,
  `dia_chi` varchar(255) CHARACTER SET utf8mb4 COLLATE utf8mb4_unicode_ci DEFAULT NULL,
  `email` varchar(50) CHARACTER SET utf8mb4 COLLATE utf8mb4_unicode_ci DEFAULT NULL,
  `CCCD` varchar(20) CHARACTER SET utf8mb4 COLLATE utf8mb4_unicode_ci DEFAULT NULL,
  `tai_khoan_id` int DEFAULT NULL,
  `id` int NOT NULL AUTO_INCREMENT,
  `active` tinyint(1) DEFAULT NULL,
  `created_date` datetime DEFAULT NULL,
  PRIMARY KEY (`id`),
  KEY `tai_khoan_id` (`tai_khoan_id`),
  CONSTRAINT `thong_tin_nguoi_dung_ibfk_1` FOREIGN KEY (`tai_khoan_id`) REFERENCES `user` (`id`)
) ENGINE=InnoDB AUTO_INCREMENT=5 DEFAULT CHARSET=utf8mb4 COLLATE=utf8mb4_unicode_ci;
/*!40101 SET character_set_client = @saved_cs_client */;

--
-- Dumping data for table `thong_tin_nguoi_dung`
--

LOCK TABLES `thong_tin_nguoi_dung` WRITE;
/*!40000 ALTER TABLE `thong_tin_nguoi_dung` DISABLE KEYS */;
INSERT INTO `thong_tin_nguoi_dung` VALUES ('admin',NULL,NULL,NULL,NULL,1,1,1,'2024-05-23 15:10:09');
/*!40000 ALTER TABLE `thong_tin_nguoi_dung` ENABLE KEYS */;
UNLOCK TABLES;

--
-- Table structure for table `tuyen_bay`
--

DROP TABLE IF EXISTS `tuyen_bay`;
/*!40101 SET @saved_cs_client     = @@character_set_client */;
/*!50503 SET character_set_client = utf8mb4 */;
CREATE TABLE `tuyen_bay` (
  `san_bay_di_id` int NOT NULL,
  `san_bay_den_id` int NOT NULL,
  `id` int NOT NULL AUTO_INCREMENT,
  `active` tinyint(1) DEFAULT NULL,
  `created_date` datetime DEFAULT NULL,
  PRIMARY KEY (`id`),
  KEY `san_bay_di_id` (`san_bay_di_id`),
  KEY `san_bay_den_id` (`san_bay_den_id`),
  CONSTRAINT `tuyen_bay_ibfk_1` FOREIGN KEY (`san_bay_di_id`) REFERENCES `san_bay` (`id`),
  CONSTRAINT `tuyen_bay_ibfk_2` FOREIGN KEY (`san_bay_den_id`) REFERENCES `san_bay` (`id`)
) ENGINE=InnoDB AUTO_INCREMENT=5 DEFAULT CHARSET=utf8mb4 COLLATE=utf8mb4_unicode_ci;
/*!40101 SET character_set_client = @saved_cs_client */;

--
-- Dumping data for table `tuyen_bay`
--

LOCK TABLES `tuyen_bay` WRITE;
/*!40000 ALTER TABLE `tuyen_bay` DISABLE KEYS */;
INSERT INTO `tuyen_bay` VALUES (5,6,1,1,'2024-05-23 15:10:09'),(6,5,2,1,'2024-05-23 15:10:09'),(1,2,3,1,'2024-05-23 15:10:09'),(9,10,4,1,'2024-05-23 15:10:09');
/*!40000 ALTER TABLE `tuyen_bay` ENABLE KEYS */;
UNLOCK TABLES;

--
-- Table structure for table `user`
--

DROP TABLE IF EXISTS `user`;
/*!40101 SET @saved_cs_client     = @@character_set_client */;
/*!50503 SET character_set_client = utf8mb4 */;
CREATE TABLE `user` (
  `username` varchar(50) CHARACTER SET utf8mb4 COLLATE utf8mb4_unicode_ci NOT NULL,
  `password` varchar(50) CHARACTER SET utf8mb4 COLLATE utf8mb4_unicode_ci NOT NULL,
  `user_role` enum('USER','ADMIN','TICKET_SELLER') CHARACTER SET utf8mb4 COLLATE utf8mb4_unicode_ci DEFAULT NULL,
  `id` int NOT NULL AUTO_INCREMENT,
  `active` tinyint(1) DEFAULT NULL,
  `created_date` datetime DEFAULT NULL,
  PRIMARY KEY (`id`),
  UNIQUE KEY `username` (`username`)
) ENGINE=InnoDB AUTO_INCREMENT=2 DEFAULT CHARSET=utf8mb4 COLLATE=utf8mb4_unicode_ci;
/*!40101 SET character_set_client = @saved_cs_client */;

--
-- Dumping data for table `user`
--

LOCK TABLES `user` WRITE;
/*!40000 ALTER TABLE `user` DISABLE KEYS */;
INSERT INTO `user` VALUES ('admin','e10adc3949ba59abbe56e057f20f883e','ADMIN',1,1,'2024-05-23 15:10:09');
/*!40000 ALTER TABLE `user` ENABLE KEYS */;
UNLOCK TABLES;

--
-- Table structure for table `ve`
--

DROP TABLE IF EXISTS `ve`;
/*!40101 SET @saved_cs_client     = @@character_set_client */;
/*!50503 SET character_set_client = utf8mb4 */;
CREATE TABLE `ve` (
  `ghe_may_bay_id` int NOT NULL,
  `hang_ve_chuyen_bay_id` int NOT NULL,
  `khach_hang_id` int NOT NULL,
  `hoa_don_id` int DEFAULT NULL,
  `id` int NOT NULL AUTO_INCREMENT,
  `active` tinyint(1) DEFAULT NULL,
  `created_date` datetime DEFAULT NULL,
  PRIMARY KEY (`id`),
  UNIQUE KEY `ghe_may_bay_id` (`ghe_may_bay_id`,`hang_ve_chuyen_bay_id`),
  KEY `hang_ve_chuyen_bay_id` (`hang_ve_chuyen_bay_id`),
  KEY `khach_hang_id` (`khach_hang_id`),
  KEY `hoa_don_id` (`hoa_don_id`),
  CONSTRAINT `ve_ibfk_1` FOREIGN KEY (`ghe_may_bay_id`) REFERENCES `ghe_may_bay` (`id`),
  CONSTRAINT `ve_ibfk_2` FOREIGN KEY (`hang_ve_chuyen_bay_id`) REFERENCES `hang_ve_chuyen_bay` (`id`),
  CONSTRAINT `ve_ibfk_3` FOREIGN KEY (`khach_hang_id`) REFERENCES `thong_tin_nguoi_dung` (`id`),
  CONSTRAINT `ve_ibfk_4` FOREIGN KEY (`hoa_don_id`) REFERENCES `hoa_don` (`id`)
) ENGINE=InnoDB AUTO_INCREMENT=6 DEFAULT CHARSET=utf8mb4 COLLATE=utf8mb4_unicode_ci;
/*!40101 SET character_set_client = @saved_cs_client */;

--
-- Dumping data for table `ve`
--

LOCK TABLES `ve` WRITE;
/*!40000 ALTER TABLE `ve` DISABLE KEYS */;
/*!40000 ALTER TABLE `ve` ENABLE KEYS */;
UNLOCK TABLES;
/*!40103 SET TIME_ZONE=@OLD_TIME_ZONE */;

/*!40101 SET SQL_MODE=@OLD_SQL_MODE */;
/*!40014 SET FOREIGN_KEY_CHECKS=@OLD_FOREIGN_KEY_CHECKS */;
/*!40014 SET UNIQUE_CHECKS=@OLD_UNIQUE_CHECKS */;
/*!40101 SET CHARACTER_SET_CLIENT=@OLD_CHARACTER_SET_CLIENT */;
/*!40101 SET CHARACTER_SET_RESULTS=@OLD_CHARACTER_SET_RESULTS */;
/*!40101 SET COLLATION_CONNECTION=@OLD_COLLATION_CONNECTION */;
/*!40111 SET SQL_NOTES=@OLD_SQL_NOTES */;

-- Dump completed on 2024-08-25  1:00:39
